1,68,"Arjun Rao","Quarterly Review",Closed,"Synthetic generated review","2024-08-31 00:00:00","2025-11-05 00:00:00"
2,16,"Anita Sharma","Quarterly Review",Closed,"Synthetic generated review","2025-10-16 00:00:00","2026-09-30 00:00:00"
3,59,"Anita Sharma","Quarterly Review",Closed,"Synthetic generated review","2025-09-03 00:00:00","2026-07-03 00:00:00"
4,3,"Rahul Mehta","Escalation Review",Open,"Synthetic generated review","2024-10-25 00:00:00","2026-03-16 00:00:00"
5,1,"Priya Iyer","Quarterly Review","In Progress","Synthetic generated review","2025-03-02 00:00:00","2025-07-11 00:00:00"
6,11,"Priya Iyer","Quarterly Review","In Progress","Synthetic generated review","2025-07-11 00:00:00","2026-06-04 00:00:00"
7,65,"Anita Sharma","Annual Certification",Closed,"Synthetic generated review","2024-02-14 00:00:00","2026-10-13 00:00:00"
8,50,"Priya Iyer","Annual Certification","In Progress","Synthetic generated review","2024-01-17 00:00:00","2026-01-01 00:00:00"
9,9,"Priya Iyer","Quarterly Review","In Progress","Synthetic generated review","2025-11-03 00:00:00","2026-10-06 00:00:00"
10,14,"Priya Iyer","Quarterly Review",Open,"Synthetic generated review","2024-12-26 00:00:00","2026-07-14 00:00:00"
11,44,"Rahul Mehta","Escalation Review",Closed,"Synthetic generated review","2025-12-13 00:00:00","2026-05-06 00:00:00"
12,24,"Rahul Mehta","Quarterly Review","In Progress","Synthetic generated review","2025-04-13 00:00:00","2025-02-07 00:00:00"
13,38,"Rahul Mehta","Quarterly Review",Open,"Synthetic generated review","2024-02-12 00:00:00","2025-11-20 00:00:00"
14,40,"Arjun Rao","Escalation Review",Closed,"Synthetic generated review","2024-09-16 00:00:00","2025-02-07 00:00:00"
15,25,"Priya Iyer","Annual Certification",Open,"Synthetic generated review","2025-11-02 00:00:00","2025-12-06 00:00:00"
16,35,"Anita Sharma","Annual Certification",Closed,"Synthetic generated review","2025-02-13 00:00:00","2026-03-27 00:00:00"
17,50,"Priya Iyer","Quarterly Review",Closed,"Synthetic generated review","2025-12-09 00:00:00","2026-05-25 00:00:00"
18,48,"Priya Iyer","Quarterly Review","In Progress","Synthetic generated review","2025-03-10 00:00:00","2025-03-22 00:00:00"
19,56,"Rahul Mehta","Escalation Review",Closed,"Synthetic generated review","2024-11-24 00:00:00","2025-04-16 00:00:00"
20,11,"Priya Iyer","Escalation Review",Closed,"Synthetic generated review","2024-11-09 00:00:00","2026-04-02 00:00:00"
21,55,"Rahul Mehta","Escalation Review",Closed,"Synthetic generated review","2024-12-25 00:00:00","2026-04-03 00:00:00"
22,6,"Priya Iyer","Escalation Review",Closed,"Synthetic generated review","2024-10-08 00:00:00","2026-10-17 00:00:00"
23,8,"Anita Sharma","Escalation Review","In Progress","Synthetic generated review","2025-02-19 00:00:00","2026-01-08 00:00:00"
24,66,"Rahul Mehta","Quarterly Review",Open,"Synthetic generated review","2025-09-14 00:00:00","2026-11-26 00:00:00"
25,57,"Anita Sharma","Quarterly Review",Open,"Synthetic generated review","2024-08-29 00:00:00","2026-10-23 00:00:00"
26,47,"Priya Iyer","Annual Certification","In Progress","Synthetic generated review","2024-02-03 00:00:00","2026-09-12 00:00:00"
27,20,"Arjun Rao","Annual Certification",Closed,"Synthetic generated review","2025-03-30 00:00:00","2025-03-20 00:00:00"
28,74,"Rahul Mehta","Escalation Review",Closed,"Synthetic generated review","2025-02-11 00:00:00","2025-11-18 00:00:00"
29,36,"Rahul Mehta","Quarterly Review",Open,"Synthetic generated review","2024-07-09 00:00:00","2026-05-27 00:00:00"
30,67,"Arjun Rao","Escalation Review",Open,"Synthetic generated review","2024-09-25 00:00:00","2025-09-24 00:00:00"
31,58,"Rahul Mehta","Escalation Review",Closed,"Synthetic generated review","2025-12-11 00:00:00","2026-05-18 00:00:00"
32,26,"Anita Sharma","Quarterly Review",Open,"Synthetic generated review","2025-04-07 00:00:00","2025-06-26 00:00:00"
33,57,"Anita Sharma","Escalation Review",Closed,"Synthetic generated review","2025-11-14 00:00:00","2025-12-22 00:00:00"
34,9,"Priya Iyer","Annual Certification",Open,"Synthetic generated review","2025-12-29 00:00:00","2026-12-28 00:00:00"
35,23,"Priya Iyer","Escalation Review",Open,"Synthetic generated review","2024-05-04 00:00:00","2025-07-25 00:00:00"
36,18,"Rahul Mehta","Annual Certification",Open,"Synthetic generated review","2025-01-04 00:00:00","2026-07-22 00:00:00"
37,74,"Priya Iyer","Annual Certification","In Progress","Synthetic generated review","2024-05-12 00:00:00","2026-09-19 00:00:00"
38,12,"Anita Sharma","Annual Certification",Closed,"Synthetic generated review","2025-05-05 00:00:00","2026-06-23 00:00:00"
39,53,"Arjun Rao","Escalation Review",Open,"Synthetic generated review","2024-05-08 00:00:00","2025-11-21 00:00:00"
40,10,"Arjun Rao","Annual Certification","In Progress","Synthetic generated review","2025-06-13 00:00:00","2025-12-19 00:00:00"
41,17,"Rahul Mehta","Quarterly Review",Closed,"Synthetic generated review","2025-05-29 00:00:00","2025-02-26 00:00:00"
42,16,"Rahul Mehta","Annual Certification",Open,"Synthetic generated review","2024-06-14 00:00:00","2025-11-27 00:00:00"
43,29,"Priya Iyer","Escalation Review",Closed,"Synthetic generated review","2024-03-21 00:00:00","2025-09-14 00:00:00"
44,26,"Priya Iyer","Quarterly Review","In Progress","Synthetic generated review","2024-11-06 00:00:00","2026-09-22 00:00:00"
45,69,"Anita Sharma","Escalation Review","In Progress","Synthetic generated review","2024-06-21 00:00:00","2026-08-30 00:00:00"
46,75,"Rahul Mehta","Quarterly Review","In Progress","Synthetic generated review","2025-10-01 00:00:00","2026-09-12 00:00:00"
47,44,"Anita Sharma","Quarterly Review",Open,"Synthetic generated review","2024-02-16 00:00:00","2026-10-19 00:00:00"
48,74,"Priya Iyer","Escalation Review",Open,"Synthetic generated review","2025-08-08 00:00:00","2026-03-03 00:00:00"
49,4,"Arjun Rao","Escalation Review","In Progress","Synthetic generated review","2024-10-23 00:00:00","2026-10-20 00:00:00"
50,39,"Arjun Rao","Quarterly Review","In Progress","Synthetic generated review","2025-02-19 00:00:00","2025-11-01 00:00:00"
51,59,"Anita Sharma","Escalation Review",Open,"Synthetic generated review","2024-06-10 00:00:00","2026-03-27 00:00:00"
52,54,"Arjun Rao","Annual Certification",Open,"Synthetic generated review","2024-12-14 00:00:00","2026-09-14 00:00:00"
53,19,"Priya Iyer","Escalation Review",Closed,"Synthetic generated review","2024-12-19 00:00:00","2026-02-13 00:00:00"
54,17,"Priya Iyer","Escalation Review","In Progress","Synthetic generated review","2024-04-18 00:00:00","2025-11-23 00:00:00"
55,31,"Arjun Rao","Quarterly Review",Closed,"Synthetic generated review","2025-04-05 00:00:00","2025-09-11 00:00:00"
56,19,"Anita Sharma","Quarterly Review",Closed,"Synthetic generated review","2025-01-28 00:00:00","2026-09-23 00:00:00"
57,54,"Rahul Mehta","Quarterly Review",Closed,"Synthetic generated review","2025-08-14 00:00:00","2025-11-17 00:00:00"
58,25,"Rahul Mehta","Annual Certification","In Progress","Synthetic generated review","2025-04-23 00:00:00","2026-05-26 00:00:00"
59,40,"Arjun Rao","Quarterly Review",Open,"Synthetic generated review","2025-02-06 00:00:00","2026-06-02 00:00:00"
60,59,"Rahul Mehta","Quarterly Review","In Progress","Synthetic generated review","2024-12-27 00:00:00","2025-02-19 00:00:00"
61,143,"Arjun Rao","Quarterly Review",Closed,"Synthetic generated review","2024-08-31 00:00:00","2025-11-05 00:00:00"
62,91,"Anita Sharma","Quarterly Review",Closed,"Synthetic generated review","2025-10-16 00:00:00","2026-09-30 00:00:00"
63,134,"Anita Sharma","Quarterly Review",Closed,"Synthetic generated review","2025-09-03 00:00:00","2026-07-03 00:00:00"
64,78,"Rahul Mehta","Escalation Review",Open,"Synthetic generated review","2024-10-25 00:00:00","2026-03-16 00:00:00"
65,76,"Priya Iyer","Quarterly Review","In Progress","Synthetic generated review","2025-03-02 00:00:00","2025-07-11 00:00:00"
66,86,"Priya Iyer","Quarterly Review","In Progress","Synthetic generated review","2025-07-11 00:00:00","2026-06-04 00:00:00"
67,140,"Anita Sharma","Annual Certification",Closed,"Synthetic generated review","2024-02-14 00:00:00","2026-10-13 00:00:00"
68,125,"Priya Iyer","Annual Certification","In Progress","Synthetic generated review","2024-01-17 00:00:00","2026-01-01 00:00:00"
69,84,"Priya Iyer","Quarterly Review","In Progress","Synthetic generated review","2025-11-03 00:00:00","2026-10-06 00:00:00"
70,89,"Priya Iyer","Quarterly Review",Open,"Synthetic generated review","2024-12-26 00:00:00","2026-07-14 00:00:00"
71,119,"Rahul Mehta","Escalation Review",Closed,"Synthetic generated review","2025-12-13 00:00:00","2026-05-06 00:00:00"
72,99,"Rahul Mehta","Quarterly Review","In Progress","Synthetic generated review","2025-04-13 00:00:00","2025-02-07 00:00:00"
73,113,"Rahul Mehta","Quarterly Review",Open,"Synthetic generated review","2024-02-12 00:00:00","2025-11-20 00:00:00"
74,115,"Arjun Rao","Escalation Review",Closed,"Synthetic generated review","2024-09-16 00:00:00","2025-02-07 00:00:00"
75,100,"Priya Iyer","Annual Certification",Open,"Synthetic generated review","2025-11-02 00:00:00","2025-12-06 00:00:00"
76,110,"Anita Sharma","Annual Certification",Closed,"Synthetic generated review","2025-02-13 00:00:00","2026-03-27 00:00:00"
77,125,"Priya Iyer","Quarterly Review",Closed,"Synthetic generated review","2025-12-09 00:00:00","2026-05-25 00:00:00"
78,123,"Priya Iyer","Quarterly Review","In Progress","Synthetic generated review","2025-03-10 00:00:00","2025-03-22 00:00:00"
79,131,"Rahul Mehta","Escalation Review",Closed,"Synthetic generated review","2024-11-24 00:00:00","2025-04-16 00:00:00"
80,86,"Priya Iyer","Escalation Review",Closed,"Synthetic generated review","2024-11-09 00:00:00","2026-04-02 00:00:00"
81,130,"Rahul Mehta","Escalation Review",Closed,"Synthetic generated review","2024-12-25 00:00:00","2026-04-03 00:00:00"
82,81,"Priya Iyer","Escalation Review",Closed,"Synthetic generated review","2024-10-08 00:00:00","2026-10-17 00:00:00"
83,83,"Anita Sharma","Escalation Review","In Progress","Synthetic generated review","2025-02-19 00:00:00","2026-01-08 00:00:00"
84,141,"Rahul Mehta","Quarterly Review",Open,"Synthetic generated review","2025-09-14 00:00:00","2026-11-26 00:00:00"
85,132,"Anita Sharma","Quarterly Review",Open,"Synthetic generated review","2024-08-29 00:00:00","2026-10-23 00:00:00"
86,122,"Priya Iyer","Annual Certification","In Progress","Synthetic generated review","2024-02-03 00:00:00","2026-09-12 00:00:00"
87,95,"Arjun Rao","Annual Certification",Closed,"Synthetic generated review","2025-03-30 00:00:00","2025-03-20 00:00:00"
88,149,"Rahul Mehta","Escalation Review",Closed,"Synthetic generated review","2025-02-11 00:00:00","2025-11-18 00:00:00"
89,111,"Rahul Mehta","Quarterly Review",Open,"Synthetic generated review","2024-07-09 00:00:00","2026-05-27 00:00:00"
90,142,"Arjun Rao","Escalation Review",Open,"Synthetic generated review","2024-09-25 00:00:00","2025-09-24 00:00:00"
91,133,"Rahul Mehta","Escalation Review",Closed,"Synthetic generated review","2025-12-11 00:00:00","2026-05-18 00:00:00"
92,101,"Anita Sharma","Quarterly Review",Open,"Synthetic generated review","2025-04-07 00:00:00","2025-06-26 00:00:00"
93,132,"Anita Sharma","Escalation Review",Closed,"Synthetic generated review","2025-11-14 00:00:00","2025-12-22 00:00:00"
94,84,"Priya Iyer","Annual Certification",Open,"Synthetic generated review","2025-12-29 00:00:00","2026-12-28 00:00:00"
95,98,"Priya Iyer","Escalation Review",Open,"Synthetic generated review","2024-05-04 00:00:00","2025-07-25 00:00:00"
96,93,"Rahul Mehta","Annual Certification",Open,"Synthetic generated review","2025-01-04 00:00:00","2026-07-22 00:00:00"
97,149,"Priya Iyer","Annual Certification","In Progress","Synthetic generated review","2024-05-12 00:00:00","2026-09-19 00:00:00"
98,87,"Anita Sharma","Annual Certification",Closed,"Synthetic generated review","2025-05-05 00:00:00","2026-06-23 00:00:00"
99,128,"Arjun Rao","Escalation Review",Open,"Synthetic generated review","2024-05-08 00:00:00","2025-11-21 00:00:00"
100,85,"Arjun Rao","Annual Certification","In Progress","Synthetic generated review","2025-06-13 00:00:00","2025-12-19 00:00:00"
101,92,"Rahul Mehta","Quarterly Review",Closed,"Synthetic generated review","2025-05-29 00:00:00","2025-02-26 00:00:00"
102,91,"Rahul Mehta","Annual Certification",Open,"Synthetic generated review","2024-06-14 00:00:00","2025-11-27 00:00:00"
103,104,"Priya Iyer","Escalation Review",Closed,"Synthetic generated review","2024-03-21 00:00:00","2025-09-14 00:00:00"
104,101,"Priya Iyer","Quarterly Review","In Progress","Synthetic generated review","2024-11-06 00:00:00","2026-09-22 00:00:00"
105,144,"Anita Sharma","Escalation Review","In Progress","Synthetic generated review","2024-06-21 00:00:00","2026-08-30 00:00:00"
106,150,"Rahul Mehta","Quarterly Review","In Progress","Synthetic generated review","2025-10-01 00:00:00","2026-09-12 00:00:00"
107,119,"Anita Sharma","Quarterly Review",Open,"Synthetic generated review","2024-02-16 00:00:00","2026-10-19 00:00:00"
108,149,"Priya Iyer","Escalation Review",Open,"Synthetic generated review","2025-08-08 00:00:00","2026-03-03 00:00:00"
109,79,"Arjun Rao","Escalation Review","In Progress","Synthetic generated review","2024-10-23 00:00:00","2026-10-20 00:00:00"
110,114,"Arjun Rao","Quarterly Review","In Progress","Synthetic generated review","2025-02-19 00:00:00","2025-11-01 00:00:00"
111,134,"Anita Sharma","Escalation Review",Open,"Synthetic generated review","2024-06-10 00:00:00","2026-03-27 00:00:00"
112,129,"Arjun Rao","Annual Certification",Open,"Synthetic generated review","2024-12-14 00:00:00","2026-09-14 00:00:00"
113,94,"Priya Iyer","Escalation Review",Closed,"Synthetic generated review","2024-12-19 00:00:00","2026-02-13 00:00:00"
114,92,"Priya Iyer","Escalation Review","In Progress","Synthetic generated review","2024-04-18 00:00:00","2025-11-23 00:00:00"
115,106,"Arjun Rao","Quarterly Review",Closed,"Synthetic generated review","2025-04-05 00:00:00","2025-09-11 00:00:00"
116,94,"Anita Sharma","Quarterly Review",Closed,"Synthetic generated review","2025-01-28 00:00:00","2026-09-23 00:00:00"
117,129,"Rahul Mehta","Quarterly Review",Closed,"Synthetic generated review","2025-08-14 00:00:00","2025-11-17 00:00:00"
118,100,"Rahul Mehta","Annual Certification","In Progress","Synthetic generated review","2025-04-23 00:00:00","2026-05-26 00:00:00"
119,115,"Arjun Rao","Quarterly Review",Open,"Synthetic generated review","2025-02-06 00:00:00","2026-06-02 00:00:00"
120,134,"Rahul Mehta","Quarterly Review","In Progress","Synthetic generated review","2024-12-27 00:00:00","2025-02-19 00:00:00"
121,218,"Arjun Rao","Quarterly Review",Closed,"Synthetic generated review","2024-08-31 00:00:00","2025-11-05 00:00:00"
122,166,"Anita Sharma","Quarterly Review",Closed,"Synthetic generated review","2025-10-16 00:00:00","2026-09-30 00:00:00"
123,209,"Anita Sharma","Quarterly Review",Closed,"Synthetic generated review","2025-09-03 00:00:00","2026-07-03 00:00:00"
124,153,"Rahul Mehta","Escalation Review",Open,"Synthetic generated review","2024-10-25 00:00:00","2026-03-16 00:00:00"
125,151,"Priya Iyer","Quarterly Review","In Progress","Synthetic generated review","2025-03-02 00:00:00","2025-07-11 00:00:00"
126,161,"Priya Iyer","Quarterly Review","In Progress","Synthetic generated review","2025-07-11 00:00:00","2026-06-04 00:00:00"
127,215,"Anita Sharma","Annual Certification",Closed,"Synthetic generated review","2024-02-14 00:00:00","2026-10-13 00:00:00"
128,200,"Priya Iyer","Annual Certification","In Progress","Synthetic generated review","2024-01-17 00:00:00","2026-01-01 00:00:00"
129,159,"Priya Iyer","Quarterly Review","In Progress","Synthetic generated review","2025-11-03 00:00:00","2026-10-06 00:00:00"
130,164,"Priya Iyer","Quarterly Review",Open,"Synthetic generated review","2024-12-26 00:00:00","2026-07-14 00:00:00"
131,194,"Rahul Mehta","Escalation Review",Closed,"Synthetic generated review","2025-12-13 00:00:00","2026-05-06 00:00:00"
132,174,"Rahul Mehta","Quarterly Review","In Progress","Synthetic generated review","2025-04-13 00:00:00","2025-02-07 00:00:00"
133,188,"Rahul Mehta","Quarterly Review",Open,"Synthetic generated review","2024-02-12 00:00:00","2025-11-20 00:00:00"
134,190,"Arjun Rao","Escalation Review",Closed,"Synthetic generated review","2024-09-16 00:00:00","2025-02-07 00:00:00"
135,175,"Priya Iyer","Annual Certification",Open,"Synthetic generated review","2025-11-02 00:00:00","2025-12-06 00:00:00"
136,185,"Anita Sharma","Annual Certification",Closed,"Synthetic generated review","2025-02-13 00:00:00","2026-03-27 00:00:00"
137,200,"Priya Iyer","Quarterly Review",Closed,"Synthetic generated review","2025-12-09 00:00:00","2026-05-25 00:00:00"
138,198,"Priya Iyer","Quarterly Review","In Progress","Synthetic generated review","2025-03-10 00:00:00","2025-03-22 00:00:00"
139,206,"Rahul Mehta","Escalation Review",Closed,"Synthetic generated review","2024-11-24 00:00:00","2025-04-16 00:00:00"
140,161,"Priya Iyer","Escalation Review",Closed,"Synthetic generated review","2024-11-09 00:00:00","2026-04-02 00:00:00"
141,205,"Rahul Mehta","Escalation Review",Closed,"Synthetic generated review","2024-12-25 00:00:00","2026-04-03 00:00:00"
142,156,"Priya Iyer","Escalation Review",Closed,"Synthetic generated review","2024-10-08 00:00:00","2026-10-17 00:00:00"
143,158,"Anita Sharma","Escalation Review","In Progress","Synthetic generated review","2025-02-19 00:00:00","2026-01-08 00:00:00"
144,216,"Rahul Mehta","Quarterly Review",Open,"Synthetic generated review","2025-09-14 00:00:00","2026-11-26 00:00:00"
145,207,"Anita Sharma","Quarterly Review",Open,"Synthetic generated review","2024-08-29 00:00:00","2026-10-23 00:00:00"
146,197,"Priya Iyer","Annual Certification","In Progress","Synthetic generated review","2024-02-03 00:00:00","2026-09-12 00:00:00"
147,170,"Arjun Rao","Annual Certification",Closed,"Synthetic generated review","2025-03-30 00:00:00","2025-03-20 00:00:00"
148,224,"Rahul Mehta","Escalation Review",Closed,"Synthetic generated review","2025-02-11 00:00:00","2025-11-18 00:00:00"
149,186,"Rahul Mehta","Quarterly Review",Open,"Synthetic generated review","2024-07-09 00:00:00","2026-05-27 00:00:00"
150,217,"Arjun Rao","Escalation Review",Open,"Synthetic generated review","2024-09-25 00:00:00","2025-09-24 00:00:00"
151,208,"Rahul Mehta","Escalation Review",Closed,"Synthetic generated review","2025-12-11 00:00:00","2026-05-18 00:00:00"
152,176,"Anita Sharma","Quarterly Review",Open,"Synthetic generated review","2025-04-07 00:00:00","2025-06-26 00:00:00"
153,207,"Anita Sharma","Escalation Review",Closed,"Synthetic generated review","2025-11-14 00:00:00","2025-12-22 00:00:00"
154,159,"Priya Iyer","Annual Certification",Open,"Synthetic generated review","2025-12-29 00:00:00","2026-12-28 00:00:00"
155,173,"Priya Iyer","Escalation Review",Open,"Synthetic generated review","2024-05-04 00:00:00","2025-07-25 00:00:00"
156,168,"Rahul Mehta","Annual Certification",Open,"Synthetic generated review","2025-01-04 00:00:00","2026-07-22 00:00:00"
157,224,"Priya Iyer","Annual Certification","In Progress","Synthetic generated review","2024-05-12 00:00:00","2026-09-19 00:00:00"
158,162,"Anita Sharma","Annual Certification",Closed,"Synthetic generated review","2025-05-05 00:00:00","2026-06-23 00:00:00"
159,203,"Arjun Rao","Escalation Review",Open,"Synthetic generated review","2024-05-08 00:00:00","2025-11-21 00:00:00"
160,160,"Arjun Rao","Annual Certification","In Progress","Synthetic generated review","2025-06-13 00:00:00","2025-12-19 00:00:00"
161,167,"Rahul Mehta","Quarterly Review",Closed,"Synthetic generated review","2025-05-29 00:00:00","2025-02-26 00:00:00"
162,166,"Rahul Mehta","Annual Certification",Open,"Synthetic generated review","2024-06-14 00:00:00","2025-11-27 00:00:00"
163,179,"Priya Iyer","Escalation Review",Closed,"Synthetic generated review","2024-03-21 00:00:00","2025-09-14 00:00:00"
164,176,"Priya Iyer","Quarterly Review","In Progress","Synthetic generated review","2024-11-06 00:00:00","2026-09-22 00:00:00"
165,219,"Anita Sharma","Escalation Review","In Progress","Synthetic generated review","2024-06-21 00:00:00","2026-08-30 00:00:00"
166,225,"Rahul Mehta","Quarterly Review","In Progress","Synthetic generated review","2025-10-01 00:00:00","2026-09-12 00:00:00"
167,194,"Anita Sharma","Quarterly Review",Open,"Synthetic generated review","2024-02-16 00:00:00","2026-10-19 00:00:00"
168,224,"Priya Iyer","Escalation Review",Open,"Synthetic generated review","2025-08-08 00:00:00","2026-03-03 00:00:00"
169,154,"Arjun Rao","Escalation Review","In Progress","Synthetic generated review","2024-10-23 00:00:00","2026-10-20 00:00:00"
170,189,"Arjun Rao","Quarterly Review","In Progress","Synthetic generated review","2025-02-19 00:00:00","2025-11-01 00:00:00"
171,209,"Anita Sharma","Escalation Review",Open,"Synthetic generated review","2024-06-10 00:00:00","2026-03-27 00:00:00"
172,204,"Arjun Rao","Annual Certification",Open,"Synthetic generated review","2024-12-14 00:00:00","2026-09-14 00:00:00"
173,169,"Priya Iyer","Escalation Review",Closed,"Synthetic generated review","2024-12-19 00:00:00","2026-02-13 00:00:00"
174,167,"Priya Iyer","Escalation Review","In Progress","Synthetic generated review","2024-04-18 00:00:00","2025-11-23 00:00:00"
175,181,"Arjun Rao","Quarterly Review",Closed,"Synthetic generated review","2025-04-05 00:00:00","2025-09-11 00:00:00"
176,169,"Anita Sharma","Quarterly Review",Closed,"Synthetic generated review","2025-01-28 00:00:00","2026-09-23 00:00:00"
177,204,"Rahul Mehta","Quarterly Review",Closed,"Synthetic generated review","2025-08-14 00:00:00","2025-11-17 00:00:00"
178,175,"Rahul Mehta","Annual Certification","In Progress","Synthetic generated review","2025-04-23 00:00:00","2026-05-26 00:00:00"
179,190,"Arjun Rao","Quarterly Review",Open,"Synthetic generated review","2025-02-06 00:00:00","2026-06-02 00:00:00"
180,209,"Rahul Mehta","Quarterly Review","In Progress","Synthetic generated review","2024-12-27 00:00:00","2025-02-19 00:00:00"
181,293,"Arjun Rao","Quarterly Review",Closed,"Synthetic generated review","2024-08-31 00:00:00","2025-11-05 00:00:00"
182,241,"Anita Sharma","Quarterly Review",Closed,"Synthetic generated review","2025-10-16 00:00:00","2026-09-30 00:00:00"
183,284,"Anita Sharma","Quarterly Review",Closed,"Synthetic generated review","2025-09-03 00:00:00","2026-07-03 00:00:00"
184,228,"Rahul Mehta","Escalation Review",Open,"Synthetic generated review","2024-10-25 00:00:00","2026-03-16 00:00:00"
185,226,"Priya Iyer","Quarterly Review","In Progress","Synthetic generated review","2025-03-02 00:00:00","2025-07-11 00:00:00"
186,236,"Priya Iyer","Quarterly Review","In Progress","Synthetic generated review","2025-07-11 00:00:00","2026-06-04 00:00:00"
187,290,"Anita Sharma","Annual Certification",Closed,"Synthetic generated review","2024-02-14 00:00:00","2026-10-13 00:00:00"
188,275,"Priya Iyer","Annual Certification","In Progress","Synthetic generated review","2024-01-17 00:00:00","2026-01-01 00:00:00"
189,234,"Priya Iyer","Quarterly Review","In Progress","Synthetic generated review","2025-11-03 00:00:00","2026-10-06 00:00:00"
190,239,"Priya Iyer","Quarterly Review",Open,"Synthetic generated review","2024-12-26 00:00:00","2026-07-14 00:00:00"
191,269,"Rahul Mehta","Escalation Review",Closed,"Synthetic generated review","2025-12-13 00:00:00","2026-05-06 00:00:00"
192,249,"Rahul Mehta","Quarterly Review","In Progress","Synthetic generated review","2025-04-13 00:00:00","2025-02-07 00:00:00"
193,263,"Rahul Mehta","Quarterly Review",Open,"Synthetic generated review","2024-02-12 00:00:00","2025-11-20 00:00:00"
194,265,"Arjun Rao","Escalation Review",Closed,"Synthetic generated review","2024-09-16 00:00:00","2025-02-07 00:00:00"
195,250,"Priya Iyer","Annual Certification",Open,"Synthetic generated review","2025-11-02 00:00:00","2025-12-06 00:00:00"
196,260,"Anita Sharma","Annual Certification",Closed,"Synthetic generated review","2025-02-13 00:00:00","2026-03-27 00:00:00"
197,275,"Priya Iyer","Quarterly Review",Closed,"Synthetic generated review","2025-12-09 00:00:00","2026-05-25 00:00:00"
198,273,"Priya Iyer","Quarterly Review","In Progress","Synthetic generated review","2025-03-10 00:00:00","2025-03-22 00:00:00"
199,281,"Rahul Mehta","Escalation Review",Closed,"Synthetic generated review","2024-11-24 00:00:00","2025-04-16 00:00:00"
200,236,"Priya Iyer","Escalation Review",Closed,"Synthetic generated review","2024-11-09 00:00:00","2026-04-02 00:00:00"
201,280,"Rahul Mehta","Escalation Review",Closed,"Synthetic generated review","2024-12-25 00:00:00","2026-04-03 00:00:00"
202,231,"Priya Iyer","Escalation Review",Closed,"Synthetic generated review","2024-10-08 00:00:00","2026-10-17 00:00:00"
203,233,"Anita Sharma","Escalation Review","In Progress","Synthetic generated review","2025-02-19 00:00:00","2026-01-08 00:00:00"
204,291,"Rahul Mehta","Quarterly Review",Open,"Synthetic generated review","2025-09-14 00:00:00","2026-11-26 00:00:00"
205,282,"Anita Sharma","Quarterly Review",Open,"Synthetic generated review","2024-08-29 00:00:00","2026-10-23 00:00:00"
206,272,"Priya Iyer","Annual Certification","In Progress","Synthetic generated review","2024-02-03 00:00:00","2026-09-12 00:00:00"
207,245,"Arjun Rao","Annual Certification",Closed,"Synthetic generated review","2025-03-30 00:00:00","2025-03-20 00:00:00"
208,299,"Rahul Mehta","Escalation Review",Closed,"Synthetic generated review","2025-02-11 00:00:00","2025-11-18 00:00:00"
209,261,"Rahul Mehta","Quarterly Review",Open,"Synthetic generated review","2024-07-09 00:00:00","2026-05-27 00:00:00"
210,292,"Arjun Rao","Escalation Review",Open,"Synthetic generated review","2024-09-25 00:00:00","2025-09-24 00:00:00"
211,283,"Rahul Mehta","Escalation Review",Closed,"Synthetic generated review","2025-12-11 00:00:00","2026-05-18 00:00:00"
212,251,"Anita Sharma","Quarterly Review",Open,"Synthetic generated review","2025-04-07 00:00:00","2025-06-26 00:00:00"
213,282,"Anita Sharma","Escalation Review",Closed,"Synthetic generated review","2025-11-14 00:00:00","2025-12-22 00:00:00"
214,234,"Priya Iyer","Annual Certification",Open,"Synthetic generated review","2025-12-29 00:00:00","2026-12-28 00:00:00"
215,248,"Priya Iyer","Escalation Review",Open,"Synthetic generated review","2024-05-04 00:00:00","2025-07-25 00:00:00"
216,243,"Rahul Mehta","Annual Certification",Open,"Synthetic generated review","2025-01-04 00:00:00","2026-07-22 00:00:00"
217,299,"Priya Iyer","Annual Certification","In Progress","Synthetic generated review","2024-05-12 00:00:00","2026-09-19 00:00:00"
218,237,"Anita Sharma","Annual Certification",Closed,"Synthetic generated review","2025-05-05 00:00:00","2026-06-23 00:00:00"
219,278,"Arjun Rao","Escalation Review",Open,"Synthetic generated review","2024-05-08 00:00:00","2025-11-21 00:00:00"
220,235,"Arjun Rao","Annual Certification","In Progress","Synthetic generated review","2025-06-13 00:00:00","2025-12-19 00:00:00"
221,242,"Rahul Mehta","Quarterly Review",Closed,"Synthetic generated review","2025-05-29 00:00:00","2025-02-26 00:00:00"
222,241,"Rahul Mehta","Annual Certification",Open,"Synthetic generated review","2024-06-14 00:00:00","2025-11-27 00:00:00"
223,254,"Priya Iyer","Escalation Review",Closed,"Synthetic generated review","2024-03-21 00:00:00","2025-09-14 00:00:00"
224,251,"Priya Iyer","Quarterly Review","In Progress","Synthetic generated review","2024-11-06 00:00:00","2026-09-22 00:00:00"
225,294,"Anita Sharma","Escalation Review","In Progress","Synthetic generated review","2024-06-21 00:00:00","2026-08-30 00:00:00"
226,300,"Rahul Mehta","Quarterly Review","In Progress","Synthetic generated review","2025-10-01 00:00:00","2026-09-12 00:00:00"
227,269,"Anita Sharma","Quarterly Review",Open,"Synthetic generated review","2024-02-16 00:00:00","2026-10-19 00:00:00"
228,299,"Priya Iyer","Escalation Review",Open,"Synthetic generated review","2025-08-08 00:00:00","2026-03-03 00:00:00"
229,229,"Arjun Rao","Escalation Review","In Progress","Synthetic generated review","2024-10-23 00:00:00","2026-10-20 00:00:00"
230,264,"Arjun Rao","Quarterly Review","In Progress","Synthetic generated review","2025-02-19 00:00:00","2025-11-01 00:00:00"
231,284,"Anita Sharma","Escalation Review",Open,"Synthetic generated review","2024-06-10 00:00:00","2026-03-27 00:00:00"
232,279,"Arjun Rao","Annual Certification",Open,"Synthetic generated review","2024-12-14 00:00:00","2026-09-14 00:00:00"
233,244,"Priya Iyer","Escalation Review",Closed,"Synthetic generated review","2024-12-19 00:00:00","2026-02-13 00:00:00"
234,242,"Priya Iyer","Escalation Review","In Progress","Synthetic generated review","2024-04-18 00:00:00","2025-11-23 00:00:00"
235,256,"Arjun Rao","Quarterly Review",Closed,"Synthetic generated review","2025-04-05 00:00:00","2025-09-11 00:00:00"
236,244,"Anita Sharma","Quarterly Review",Closed,"Synthetic generated review","2025-01-28 00:00:00","2026-09-23 00:00:00"
237,279,"Rahul Mehta","Quarterly Review",Closed,"Synthetic generated review","2025-08-14 00:00:00","2025-11-17 00:00:00"
238,250,"Rahul Mehta","Annual Certification","In Progress","Synthetic generated review","2025-04-23 00:00:00","2026-05-26 00:00:00"
239,265,"Arjun Rao","Quarterly Review",Open,"Synthetic generated review","2025-02-06 00:00:00","2026-06-02 00:00:00"
240,284,"Rahul Mehta","Quarterly Review","In Progress","Synthetic generated review","2024-12-27 00:00:00","2025-02-19 00:00:00"
